ProteinName,Description,Sequence
K2C1_HUMAN,"P04264 homo sapiens (human). keratin, type ii cytoskeletal 1 (cytokeratin 1) (k1) (ck 1) (67 kda cytokeratin) (hair alpha protein). 10/2001",SRQFSSRSGYRSGGGFSSGSAGIINYQRRTTSSSTRRSGGGGGRFSSCGGGGGSFGAGGGFGSRSLVNLGGSKSISISVARGGGRGSGFGGGYGGGGFGGGGFGGGGFGGGGIGGGGFGGFGSGGGGFGGGGFGGGGYGGGYGPVCPPGGIQEVTINQSLLQPLNVEIDPEIQKVKSREREQIKSLNNQFASFIDKVRFLEQQNQVLQTKWELLQQVDTSTRTHNLEPYFESFINNLRRRVDQLKSDQSRLDSELKNMQDMVEDYRNKYEDEINKRTNAENEFVTIKKDVDGAYMTKVDLQAKLDNLQQEIDFLTALYQAELSQMQTQISETNVILSMDNNRSLDLDSIIAEVKAQNEDIAQKSKAEAESLYQSKYEELQITAGRHGDSVRNSKIEISELNRVIQRLRSEIDNVKKQISNLQQSISDAEQRGENALKDAKNKLNDLEDALQQAKEDLARLLRDYQELMNTKLALDLEIATYRTLLEGEESRMSGECAPNVSVSVSTSHTTISGGGSRGGGGGGYGSGGSSYGSGGGSYGSGGGGGGGRGSYGSGGSSYGSGGGSYGSGGGGGGHGSYGSGSSSGGYRGGSGGGGGGSSGGRGSGGGSSGGSIGGRGSSSGGVKSSGGSSSVRFVSTTYSGVTR
K22E_HUMAN,"P35908 homo sapiens (human). keratin, type ii cytoskeletal 2 epidermal (cytokeratin 2e) (k2e) (ck 2e). 10/2001",MSCQISCKSRGRGGGGGGFRGFSSGSAVVSGGSRRSTSSFSCLSRHGGGGGGFGGGGFGSRSLVGLGGTKSISISVAGGGGGFGAAGGFGGRGGGFGGGSGFGGGSGFGGGSGFSGGGFGGGGFGGGRFGGFGGPGGVGGLGGPGGFGPGGYPGGIHEVSVNQSLLQPLNVKVDPEIQNVKAQEREQIKTLNNKFASFIDKVRFLEQQNQVLQTKWELLQQMNVGTRPINLEPIFQGYIDSLKRYLDGLTAERTSQNSELNNMQDLVEDYKKKYEDEINKRTAAENDFVTLKKDVDNAYMIKVELQSKVDLLNQEIEFLKVLYDAEISQIHQSVTDTNVILSMDNSRNLDLDSIIAEVKAQYEEIAQRSKEEAEALYHSKYEELQVTVGRHGDSLKEIKIEISELNRVIQRLQGEIAHVKKQCKNVQDAIADAEQRGEHALKDARNKLNDLEEALQQAKEDLARLLRDYQELMNVKLALDVEIATYRKLLEGEECRMSGDLSSNVTVSVTSSTISSNVASKAAFGGSGGRGSSSGGGYSSGSSSYGSGGRQSGSRGGSGGGGSISGGGYGSGGGSGGRYGSGGGSKGGSISGGGYGSGGGKHSSGGGSRGGSSSGGGYGSGGGGSSSVKGSSGEAFGSSVTFSFR
K1CI_HUMAN,"P35527 homo sapiens (human). keratin, type i cytoskeletal 9 (cytokeratin 9) (k9) (ck 9). 10/2001",MSCRQFSSSYLTSGGGGGGGLGSGGSIRSSYSRFSSSGGRGGGGRFSSSSGYGGGSSRVCGRGGGGSFGYSYGGGSGGGFSASSLGGGFGGGSRGFGGASGGGYSSSGGFGGGFGGGSGGGFGGGYGSGFGGLGGFGGGAGGGDGGILTANEKSTMQELNSRLASYLDKVQALEEANNDLENKIQDWYDKKGPAAIQKNYSPYYNTIDDLKDQIVDLTVGNNKTLLDIDNTRMTLDDFRIKFEMEQNLRQGVDADINGLRQVLDNLTMEKSDLEMQYETLQEELMALKKNHKEEMSQLTGQNSGDVNVEINVAPGKDLTKTLNDMRQEYEQLIAKNRKDIENQYETQITQIEHEVSSSGQEVQSSAKEVTQLRHGVQELEIELQSQLSKKAALEKSLEDTKNRYCGQLQMIQEQISNLEAQITDVRQEIECQNQEYSLLLSIKMRLEKEIETYHNLLEGGQEDFESSGAGKIGLGGRGGSGGSYGRGSRGGSGGSYGGGGSGGGYGGGSGSRGGSGGSYGGGSGSGGGSGGGYGGGSGGGHSGGSGGGHSGGSGGNYGGGSGSGGGSGGGYGGGSGSRGGSGGSHGGGSGFGGESGGSYGGGEEASGSGGGYGGGSGKSSHS
KRHU0,"keratin 10, type I, cytoskeletal - human",MSVRYSSSKHYSSSRSGGGGGGGGCGGGGGVSSLRISSSKGSLGGGFSSGGFSGGSFSRGSSGGGCFGGSSGGYGGLGGFGGGSFHGSYGSSSFGGSYGGSFGGGNFGGGSFGGGSFGGGGFGGGGFGGGFGGGFGGDGGLLSGNEKVTMQNLNDRLASYLDKVRALEESNYELEGKIKEWYEKHGNSHQGEPRDYSKYYKTIDDLKNQILNLTTDNANILLQIDNARLAADDFRLKYENEVALRQSVEADINGLRRVLDELTLTKADLEMQIESLTEELAYLKKNHEEEMKDLRNVSTGDVNVEMNAAPGVDLTQLLNNMRSQYEQLAEQNRKDAEAWFNEKSKELTTEIDNNIEQISSYKSEITELRRNVQALEIELQSQLALKQSLEASLAETEGRYCVQLSQIHAQISALEEQLQQIRAETECQNTEYQQLLDIKIRLENEIQTYRSLLEGEGSSGGGGRGGGSFGGGYGGGSSGGGSSGGGYGGGHGGSSGGGYGGGSSGGGSSGGGYGGGSSSGGHGGGSSSGGHGGSSSGGYGGGSSGGGGGGYGGGSSGGGSSSGGGYGGGSSSGGHKSSSSGSVGESSSKGPRY
TRYP_PIG,trypsin,IVGGYTCAANSIPYQVSLNSGSHFCGGSLINSQWVVSAAHCYKSRIQVRLGEHNIDVLEGNEQFINAAKIITHPNFNGNTLDNDIMLIKLSSPATLNSRVATVSLPRSCAAAGTECLISGWGNTKSSGSSYPSLLQCLKAPVLSDSSCKSSYPGQITGNMICVGFLEGGKDSCQGDSGGPVVCNGQLQGIVSWGYGCAQKNKPGVYTKVCNYVNWIQQTIAAN
001|Brady2-9,"Bradykinin Fragment 2-9, B1901 from Sigma",PPGFSPFR
"002|des-Pro3,Ala2,6-Bradykinin",B4791 from Sigma,RAGFAPFR
003|des-Pro2-Bradykinin,B2026 from Sigma,RPGFSPFR
004|Bradykinin,B3259 from Sigma,RPPGFSPFR
005|Tyr8-Bradykinin,B7885 from Sigma,RPPGFSPYR
006|Tyr-Bradykinin,B4764 from Sigma,YRPPGFSPFR
007|I-S-Bradykinin,B1643 from Sigma,ISRPPGFSPFR
008|Fibrinopeptide_A,F3254 from Sigma,ADSGEGDFLAEGGGVR
009|Tyr-C_peptide,C9781 from Sigma,YRREAEDLQVGQVELGGGPGAGSLQPLALEGSLQKR
010|Phe22_Endothelin1,"Fragment 19-37, E9397 from Sigma",IIWFNTPEHVVPYGLGSPR
011|Osteocalcin,"Fragment 7-19, O3632 from Sigma",GAPVPYPDPLEPR
012|Syntide_2,S2525 from Sigma,PLARTLSVAGLPGKK
013|Leptin,"Fragment 93-105, L7288 from Sigma",NVIQISNDLENLR
014|Ala92-Peptide_6,"Fragment 84-103, P7967 from Sigma",DAAREGFLATLVVLHRAGAR
015|Pro_14_Arg,P2613 from Sigma,PPPPPPPPPPPPPPR
016|VIP-1-23,"Vasoactive Intestinal Peptide Fragment 1-12, V0131 from Sigma",HSDAVFTDNYTR
017|DBI-51-70,"Diazepam Binding Inhibitor Fragment 51-70, human, G9898 from Sigma",QATVGDINTERPGMLDFTGK
018|EGF-661-681,"Epidermal Growth Factor Receptor Fragment 661-681, E9520 from Sigma",KRELVEPLTPSGEAPNQALLR
019|3X_FLAG_Peptide,F4799 from Sigma,MDYKDHDGDYKDHDIDYKDDDDK
020|PLSRTLSVAAKK,P5307 from Sigma,PLSRTLSVAAKK
021|Dynorphin_A,"Fragment 1-13, D7017 from Sigma",YGGFLRRIRPKLK
022|Neurotensin,N6383 from Sigma,ELYENKPRRPYIL
023|Angiotensin_I,A9650 from Sigma,DRVYIHPFHL
P001|ALBU_BOVIN,Serum Albumin Precursor.P02769,MKWVTFISLLLLFSSAYSRGVFRRDTHKSEIAHRFKDLGEEQFKGLVLIAFSQYLQQCPFDEHVKLVNELTEFAKTCVADESHAGCEKSLHTLFGDELCKVASLRETYGDMADCCEKQEPERNECFLSHKDDSPDLPKLKPDPNTLCDEFKADEKKFWGKYLYEIARRHPYFYAPELLYYANKYNGVFQDCCQAEDKGACLLPKIETMREKVLASSARQRLRCASIQKFGERALKAWSVARLSQKFPKAEFVEVTKLVTDLTKVHKECCHGDLLECADDRADLAKYICDNQDTISSKLKECCDKPLLEKSHCIAEVEKDAIPENLPPLTADFAEDKDVCKNYQEAKDAFLGSFLYEYSRRHPEYAVSVLLRLAKEYEATLEECCAKDDPHACYSTVFDKLKHLVDEPQNLIKQNCDQFEKLGEYGFQNALIVRYTRKVPQVSTPTLVEVSRSLGKVGTRCCTKPESERMPCTEDYLSLILNRLCVLHEKTPVSEKVTKCCTESLVNRRPCFSALTPDETYVPKAFDEKLFTFHADICTLPDTEKQIKKQTALVELLKHKPKATEEQLKTVMENFVAFVDKCCAADDKEACFAVEGPKLVVSTQTALA
P002|CAH2_BOVIN,Carbonic anhydrase II (EC 4.2.1.1) - Bos taurus (Bovine).Q865Y7,MSHHWGYGKHNGPEHWHKDFPIANGERQSPVDIDTKAVVQDPALKPLALVYGEATSRRMVNNGHSFNVEYDDSQDKAVLKDGPLTGTYRLVQFHFHWGSSDDQGSEHTVDRKKYAAELHLVHWNTKYGDFGTAAQQPDGLAVVGVFLKVGDANPALQKVLDALDSIKTKGKSTDFPNFDPGSLLPNVLDYWTYPGSLTTPPLLESVTWIVLKEPISVSSQQMLKFRTLNFNAEGEPELLMLANWRPAQPLKNRQVRGFPK
P003|LACB_BOVIN,Beta-lactoglobulin precursor (Beta-LG) (Allergen Bos d 5) - Bos taurus (Bovine).P02754,MKCLLLALALTCGAQALIVTQTMKGLDIQKVAGTWYSLAMAASDISLLDAQSAPLRVYVEELKPTPEGDLEILLQKWENGECAQKKIIAEKTKIPAVFKIDALNENKVLVLDTDYKKYLLFCMENSAEPEQSLACQCLVRTPEVDDEALEKFDKALKALPMHIRLSFNPTQLEEQCHI
P004|TRFE_BOVIN,Serotransferrin precursor (Transferrin) (Siderophilin) (Beta-1-metal binding globulin) - Bos taurus (Bovine).Q29443,MRPAVRALLACAVLGLCLADPERTVRWCTISTHEANKCASFRENVLRILESGPFVSCVKKTSHMDCIKAISNNEADAVTLDGGLVYEAGLKPNNLKPVVAEFHGTKDNPQTHYYAVAVVKKDTDFKLNELRGKKSCHTGLGRSAGWNIPMAKLYKELPDPQESIQRAAANFFSASCVPCADQSSFPKLCQLCAGKGTDKCACSNHEPYFGYSGAFKCLMEGAGDVAFVKHSTVFDNLPNPEDRKNYELLCGDNTRKSVDDYQECYLAMVPSHAVVARTVGGKEDVIWELLNHAQEHFGKDKPDNFQLFQSPHGKDLLFKDSADGFLKIPSKMDFELYLGYEYVTALQNLRESKPPDSSKDECMVKWCAIGHQERTKCDRWSGFSGGAIECETAENTEECIAKIMKGEADAMSLDGGYLYIAGKCGLVPVLAENYKTEGESCKNTPEKGYLAVAVVKTSDANINWNNLKDKKSCHTAVDRTAGWNIPMGLLYSKINNCKFDEFFSAGCAPGSPRNSSLCALCIGSEKGTGKECVPNSNERYYGYTGAFRCLVEKGDVAFVKDQTVIQNTDGNNNEAWAKNLKKENFEVLCKDGTRKPVTDAENCHLARGPNHAVVSRKDKATCVEKILNKQQDDFGKSVTDCTSNFCLFQSNSKDLLFRDDTKCLASIAKKTYDSYLGDDYVRAMTNLRQCSTSKLLEACTFHKP
P005|G3P_RABIT,Glyceraldehyde 3-phosphate dehydrogenase (EC 1.2.1.12) (GAPDH) - Oryctolagus cuniculus (Rabbit).P46406,VKVGVNGFGRIGRLVTRAAFNSGKVDVVAINDPFIDLHYMVYMFQYDSTHGKFHGTVKAENGKLVINGKAITIFQERDPANIKWGDAGAEYVVESTGVFTTMEKAGAHLKGGAKRVIISAPSXDAPMFVMGVNHEKYDNSLKIVSNASCTTNCLAPLAKVIHDHFGIVEGLMTTVHAITATQKTVDGPSGKLWRDGRGAAQNIIPASTGAAKAVGKVIPELNGKLTGMAFRVPTPNVSVVDLTCRLEKAAKYDDIKKVVKQASEGPLKGILGYTEDQVVSCDFNSATHSSTFDAGAGIALNDHFVKLISWYDNEFGYSNRVVDLMVHMASKE
P006|BGAL_ECOLI,Beta-galactosidase (EC 3.2.1.23) (Lactase) - Escherichia coli.P00722,TMITDSLAVVLQRRDWENPGVTQLNRLAAHPPFASWRNSEEARTDRPSQQLRSLNGEWRFAWFPAPEAVPESWLECDLPEADTVVVPSNWQMHGYDAPIYTNVTYPITVNPPFVPTENPTGCYSLTFNVDESWLQEGQTRIIFDGVNSAFHLWCNGRWVGYGQDSRLPSEFDLSAFLRAGENRLAVMVLRWSDGSYLEDQDMWRMSGIFRDVSLLHKPTTQISDFHVATRFNDDFSRAVLEAEVQMCGELRDYLRVTVSLWQGETQVASGTAPFGGEIIDERGGYADRVTLRLNVENPKLWSAEIPNLYRAVVELHTADGTLIEAEACDVGFREVRIENGLLLLNGKPLLIRGVNRHEHHPLHGQVMDEQTMVQDILLMKQNNFNAVRCSHYPNHPLWYTLCDRYGLYVVDEANIETHGMVPMNRLTDDPRWLPAMSERVTRMVQRDRNHPSVIIWSLGNESGHGANHDALYRWIKSVDPSRPVQYEGGGADTTATDIICPMYARVDEDQPFPAVPKWSIKKWLSLPGETRPLILCEYAHAMGNSLGGFAKYWQAFRQYPRLQGGFVWDWVDQSLIKYDENGNPWSAYGGDFGDTPNDRQFCMNGLVFADRTPHPALTEAKHQQQFFQFRLSGQTIEVTSEYLFRHSDNELLHWMVALDGKPLASGEVPLDVAPQGKQLIELPELPQPESAGQLWLTVRVVQPNATAWSEAGHISAWQQWRLAENLSVTLPAASHAIPHLTTSEMDFCIELGNKRWQFNRQSGFLSQMWIGDKKQLLTPLRDQFTRAPLDNDIGVSEATRIDPNAWVERWKAAGHYQAEAALLQCTADTLADAVLITTAHAWQHQGKTLFISRKTYRIDGSGQMAITVDVEVASDTPHPARIGLNCQLAQVAERVNWLGLGPQENYPDRLTAACFDRWDLPLSDMYTPYVFPSENGLRCGTRELNYGPHQWRGDFQFNISRYSQQQLMETSHRHLLHAEEGTWLNIDGFHMGIGGDDSWSPSVSAEFQLSAGRYHYQLVWCQK
P007|LCA_BOVIN,Alpha-lactalbumin precursor (Lactose synthase B protein) (Allergen Bos d 4) - Bos taurus (Bovine).P00711,MMSFVSLLLVGILFHATQAEQLTKCEVFRELKDLKGYGGVSLPEWVCTTFHTSGYDTQAIVQNNDSTEYGLFQINNKIWCKDDQNPHSSNICNISCDKFLDDDLTDDIMCVKKILDKVGINYWLAHKALCSEKLDQWLCEKL
P008|MYG_HORSE,"Myoglobin | - Equus caballus (Horse), and Equus burchelli (Plains zebra) (Equus quagga).",GLSDGEWQQVLNVWGKVEADIAGHGQEVLIRLFTGHPETLEKFDKFKHLKTEAEMKASEDLKKHGTVVLTALGGILKKKGHHEAELKPLAQSHATKHKIPIKYLEFISDAIIHVLHSKHPGDFGADAQGAMTKALELFRNDIAAKYKELGFQG
P009|OVAL_CHICK,Ovalbumin (Plakalbumin) (Allergen Gal d 2) (Gal d II) - Gallus gallus (Chicken).P01012,GSIGAASMEFCFDVFKELKVHHANENIFYCPIAIMSALAMVYLGAKDSTRTQINKVVRFDKLPGFGDSIEAQCGTSVNVHSSLRDILNQITKPNDVYSFSLASRLYAEERYPILPEYLQCVKELYRGGLEPINFQTAADQARELINSWVESQTNGIIRNVLQPSSVDSQTAMVLVNAIVFKGLWEKAFKDEDTQAMPFRVTEQESKPVQMMYQIGLFRVASMASEKMKILELPFASGTMSMLVLLPDEVSGLEQLESIINFEKLTEWTSSNVMEERKIKVYLPRMKMEEKYNLTSVLMAMGITDVFSSSANLSGISSAESLKISQAVHAAHAEINEAGREVVGSAEAGVDAASVSEEFRADHPFLFCIKHIATNAVLFFGRCVSP
P010|CYC_BOVIN,"Cytochrome c - Bos taurus (Bovine), Sus scrofa (Pig), and Ovis aries (Sheep).P00006",GDVEKGKKIFVQKCAQCHTVEKGGKHKTGPNLHGLFGRKTGQAPGFSYTDANKNKGITWGEETLMEYLENPKKYIPGTKMIFAGIKKKGEREDLIAYLKKATNE
P011|MANA_YEAST,Mannose-6-phosphate isomerase (EC 5.3.1.8) (Phosphomannose isomerase) (PMI) (Phosphohexomutase) - Saccharomyces cerevisiae (Baker's yeast).P29952,SNKLFRLDAGYQQYDWGKIGSSSAVAQFAAHSDPSVQIEQDKPYAELWMGTHSKMPSYNHESKESLRDIISKNPSAMLGKDIIDKFHATNELPFLFKVLSIEKVLSIQAHPDKALGKILHAQDPKNYPDDNHKPEMAIAVTDFEGFCGFKPLQEIADELKRIPELRNIVGEETSRNFIENIQPSAQKGSPEDEQNKKLLQAVFSRVMNASDDKIKIQARSLVERSKNSPSDFNKPDLPELIQRLNKQFPDDVGLFCGCLLLNHCRLNAGEAIFLRAKDPHAYISGDIMECMAASDNVVRAGFTPKFKDVKNLVSMLTYTYDPVEKQKMQPLKFDRSSGNGKSVLYNPPIEEFAVLETTFDEKLGQRHFEGVDGPSILITTKGNGYIKADGQKLKAEPGFVFFIAPHLPVDLEAEDEAFTTYRAFVEPN
P012|PHS2_RABIT,"Glycogen phosphorylase, muscle form (EC 2.4.1.1) (Myophosphorylase) - Oryctolagus cuniculus (Rabbit).P00489",SRPLSDQEKRKQISVRGLAGVENVTELKKNFNRHLHFTLVKDRNVATPRDYYFALAHTVRDHLVGRWIRTQQHYYEKDPKRIYYLSLEFYMGRTLQNTMVNLALENACDEATYQLGLDMEELEEIEEDAGLGNGGLGRLAACFLDSMATLGLAAYGYGIRYEFGIFNQKICGGWQMEEADDWLRYGNPWEKARPEFTLPVHFYGRVEHTSQGAKWVDTQVVLAMPYDTPVPGYRNNVVNTMRLWSAKAPNDFNLKDFNVGGYIQAVLDRNLAENISRVLYPNDNFFEGKELRLKQEYFVVAATLQDIIRRFKSSKFGCRDPVRTNFDAFPDKVAIQLNDTHPSLAIPELMRVLVDLERLDWDKAWEVTVKTCAYTNHTVLPEALERWPVHLLETLLPRHLQIIYEINQRFLNRVAAAFPGDVDRLRRMSLVEEGAVKRINMAHLCIAGSHAVNGVARIHSEILKKTIFKDFYELEPHKFQNKTNGITPRRWLVLCNPGLAEIIAERIGEEYISDLDQLRKLLSYVDDEAFIRDVAKVKQENKLKFAAYLEREYKVHINPNSLFDVQVKRIHEYKRQLLNCLHVITLYNRIKKEPNKFVVPRTVMIGGKAAPGYHMAKMIIKLITAIGDVVNHDPVVGDRLRVIFLENYRVSLAEKVIPAADLSEQISTAGTEASGTGNMKFMLNGALTIGTMDGANVEMAEEAGEENFFIFGMRVEDVDRLDQRGYNAQEYYDRIPELRQIIEQLSSGFFSPKQPDLFKDIVNMLMHHDRFKVFADYEEYVKCQERVSALYKNPREWTRMVIRNIATSGKFSSDRTIAQYAREIWGVEPSRQRLPAPDEKIP
